YEAR;DAVE;GAROT;LOUP;NANO;PESSIERE;SCHON;WALT;COMPOSITE
2011;0,1117;2,0284;0,1872;0,2064;0,0663;0,1927;0,0533;2,846
2012;0,1639;12,8154;0;0,3046;0,5032;0;1,0132;14,8003
2013;0,7305;5,7920399;1,33362022;5,5792515;0,09159616;1,80105933;0,71739265;16,04545976
2014;1,2068;0,083219035;0,220545684;0,327389171;1,705685383;0,197835727;0,436975;4,17845
2015;3,712115352;0,649443786;0,279835436;0,111111129;0,053040704;0,015089166;1,185684066;6,006319639
2016;0,6634475;0,076360323;0,1117;0,040695023;0,673220655;0,076360323;0,327699805;1,969483629
2017;0,24579592;0;4,276571516;0;0;0;0,209306113;4,731673549
2018;6,114933862;2,155102031;8,390530614;19,77315666;0;0;0;36,43372317
2019;4,832979612;0,730448994;2,380734712;3,026843066;0;0;0,202775508;11,17378189
2020;4,705481973;0,298285723;4,524763691;4,720604932;1,868780581;0;0,974693906;17,09261081
2021;3,295665381;0;5,041898335;36,77343588;0,039157334;0;0;45,15015693
2022;1,271123369;0,156036982;6,128773805;0,13885498;7,725742012;0;0;15,42053115
2023;24,41694722;2,510768281;4,699976522;12,16328603;9,059440872;12,02051839;1,250920209;66,12185752
2024;0,1334;0,698;3,6577;2,8983;0,2343;0,4305;0,1498;8,202
2025;0,5636;0,0684;2,0743;2,1389;1,2216;0,0506;0,1176;6,235
