YEAR;PESSIERE;SCHON;GAROT;WALT;DAVE;NANO;LOUP
0;0;0,1285;0,7273;0;0,5994;2,7081;0,0351
0,5;0,0184;0,3817;1,3157;0,7754;2,7841;5,2117;0,5639
1;0,4442;3,9427;1,7469;0,6286;1,3927;5,1551;0,4516
1,5;0,1508;2,3714;0,3461;0,7942;0,4432;2,2311;0,68
2;0;3,3954;0,2881;0,1651;1,3006;3,4145;0,3625
2,5;0;3,8753;0,1807;0,926;0,4487;2,3288;0,1715
3;0;0,4969;0,7605;0,186;0,8744;4,3348;0,1404
3,5;0;0,729;0,1449;0,7265;0,2163;5,7679;0,0771
4;0;0,2819;0,0787;2,5274;0,4542;0,4276;0,1351
4,5;0;0,1816;2,8776;2,3404;0,2421;0,7201;0,5319
5;0,0401;0,0928;0,0755;2,1173;0,3315;2,0853;0,5338
5,5;0;0,2638;0,2173;1,4999;0,1977;1,3007;0,4727
6;0,0328;0,0932;0,6571;0,5677;0,5756;0,8956;0,2897
6,5;0;0,0092;0,3156;0,6596;0,4953;1,1724;0,097
7;0;0,0375;0,9423;0,4558;0,8327;0,4204;0,8659
7,5;0;0,2483;0,4235;1,6579;1,4443;0,1249;0,4578
8;0,2221;0,1556;0,0483;0,7528;0,8177;0,6169;0,3224
8,5;0,0272;0,1989;0;0,8866;0,7459;0,1735;0,6273
9;0,0265;0,3324;0;5,0754;0,3182;0,5288;0,1831
9,5;0,0211;0,2996;0,3013;3,0373;0,554;0,4372;0,2306
